KSSL.Project.lab,KSSL.Project.name,Site,UserPedonID,Field,Soil,Comp,Crop,Cover_kind,Mgmt,layerID,labsampno,hor_desg,hor_top,hor_bot,ADOD,AggStab,Bgluc,Pom_C,Pom_N,Pom_S,POX_C,CaCarb,Ca_amextr,CEC_ph7,Mg_amextr,K_amextr,Na_extr,CEC_NH4OAc,BD_3inCore,FM_core3,BD_4inCore,BD_comp_cav,FM_core4,BD_Clod_13,BD_Clod_OD,WRC_core13,BD_recon13,BD_reconOD,FM_recon_moist,Mehlich3_Al,X,X,X,Mehlich3_Ca,X,X,X,Mehlich3_Fe,X,Mehlich3_Mg,Mehlich3_Mn,X,X,El_Mehlich3_P,Mehlich3_K,X,X,X,X,X,X,WaterSol_P,X,Clay_h2oDisp,X,X,X,X,X,X,X,KCL_AL,KCL_Mn,Mehlich3_P,X,X,X,X,X,X,X,Tot_P,X,X,X,X,X,X,Tot_C,Tot_N,Tot_S,NewZ_P,Oxal_AL,Oxal_Fe,Oxal_Mn,X,Oxal_P,X,ph_h20,ph_Cacl2,EC_test,Clay,X,X,sand_coarse,sand_fine,sand_medium,sand_vcoarse,sand_vfine,silt_fine,x,x,x,x,X,X,X,X,X,X,X,X,X,X,X,X,X,X,X,X,X,X,X,X,X,X,X,X,X,X,X,X,X,X,X,X,X,X,X,X,X,X,X,X,X,X,X,X,X,X,X,X,X,X,X,X,X,X,X,X,X,X,X,X,Est_OC,X,X,X,X,X,X,X,X,X,X,X,X,X,X,X,X,X,X,X,X,X,X,X,X,X,X,X,X,X,X,X,X,Sand,X,X,X,X,X,X,Silt,X,X,X,X,X,X,X,X,X,X,X,X,X,X,X,X,X,X,X,X,X,X,X,X,X,X,X,X,X,X,X,X,X,X,X,X,X,X,X,X,X,X,X,X,X,X,X,X
C2016USTN029,TN Soil Health 2016,S2015TN071003,S2015TN071003A,A,Chenneby,Cover Crop,Corn/Soybean,Radish/rye/Phoenix Harrow,No-Till,S2015TN071003A-1,16N01442,Ap1,0,5,1.014308895,12,138,0.71564582,0.0597979,0.004822411,804.2978022,,8.9940076,10.7159443,0.7820876,0.6354462,0,60.262742,1.1627907,27.7992278,,,,1.52697881,1.63300727,21.2371716,1.27639575,1.36620501,25.3007211,318.4888812,0.0709936,24.3532338,0.4969122,765.4653218,0.0811285,0.704801,0.8315673,126.9610404,4.1427252,43.0840657,119.7656845,0,0.3244837,31.254365,118.3695027,299.4041462,12.235325,3.7978256,3.0676446,7.9640197,10.0564334,0.0902735,0,4.4194099,0.9292835,5.0100504,2.8989606,0.3030272,14.1917758,33.9767477,34.13767,,,27.1537675,1.16283,-2.499298,36125.441,2368.99754,16872.05676,1719.294149,405.951778,569.313325,9842.743972,343141.8656,2291.385667,47.531529,5059.534043,204.018091,1.95761617,0.21300487,0.00608585,17,0.06552798,0.25508368,310.0693038,0.0499,176.7395031,0.0097155,6,5.61,0.175,17.8094988,,17.8094988,0.6188508,2.0453544,1.7516625,0.136357,13.1112463,33.5559588,,,,,,,,,,,,,,,,,,0.22735906,6.23607636,93.07721555,0.66911994,0.07733852,31.41756004,4.67624745,6.2187663,14.6078702,299.0257532,26.319392,0.7739926,8.34871375,430.4945604,455.0218047,0.04818473,18.942168,0.74281424,0.01558918,45.3741265,31.47677867,0.19306982,,97,57,1.8513,1.24,,18.4,0,0,0,0,0,1,1,0.021328359,0.021328359,82.4,95.5,97.5,99.3,0.000729168,99.9,0.018170352,0.02578851,1.96,1.96,,0,,1.1323911,35.3670232,0.510167,2.1328359,2.1328359,1.2904649,1.2904649,0.15,100,100,100,17.8,51.4,100,100,31.170784,100,89.809229,100,98.8473,10,32,0.56741573,0.6011236,,9.201878,0.117977528,1.03370787,9.192488,17.6,48.6,23.3,1,0.077724,31,38.3,64.6,72.3,0.01,10.4,0.73202614,0.73202614,10.333817,100,0,37.503628,0,0,0,0,0,0,10.217707,35,0.16983,0.16983,15.93674,1.58614568,1.85436,1.53,1.63300727,1.95264151,1.95264151,0,21.654501,21.654501,100,100,0,0,40.875912,78.588808,37.712895,21.411192,2.43309,4.5,2.189781,0.729927,0.121655,0,0,0,0,0,0
C2016USTN029,TN Soil Health 2016,S2015TN071003,S2015TN071003A,A,Chenneby,Cover Crop,Corn/Soybean,Radish/rye/Phoenix Harrow,No-Till,S2015TN071003A-2,16N01443,Ap2,5,10,1.013864533,8,40,0.21506047,0.02184208,0.000672064,585.3909092,,7.4794761,9.5214046,0.5412779,0.4182602,0,60.66772027,1.42542855,21.5434084,,,,1.57618265,1.63188083,21.1795451,1.32821166,1.45025142,20.4338677,333.1805746,0.0709989,25.2701235,0.5017658,660.3922539,0.0760216,0.653803,0.7601798,73.6770768,3.4717534,28.3311522,102.2814009,0,0.3294311,15.2706655,70.0893086,320.5000319,11.3580086,3.2537704,2.0779649,2.6420784,9.4806517,0.0537348,0,5.7841531,0.6852283,3.7989863,2.0859155,0.1309995,14.0371031,38.2643973,24.518798,0.0980027,1.4881062,9.2252356,1.399775,-3.023573,36855.94064,2265.048393,18758.08968,1779.724621,490.032159,357.726893,9994.140232,341653.7128,2371.822522,48.817577,5394.344315,233.730246,1.23691473,0.15207968,0.00202773,15,0.06761404,0.24581078,302.1736731,0.0403,121.0837768,0.00728646,5.32,5,0.257,18.1589564,,18.1589564,0.2582138,2.0450531,2.024396,0.206571,12.611161,33.2085025,0,1.5614667,0,5.4485,0,0.3422418,0.725,0,0.4794,2.7845161,1.8113043,5.44,0,0.4991,-1.7080998,0.5753425,49.1681807,0.23348999,6.73657772,94.42772883,0.7199442,0.06273914,33.20024892,5.32048,6.08800556,15.26910101,341.422696,37.041189,0.784691,8.74995207,362.1979849,532.630219,0.0473806,18.49298946,0.75939457,0.01134324,46.63044059,30.95097539,0.19051943,1,88,76,1.9118,1.02,8.5,11,0,0,0,0,0,1,1,0.010439168,0.010439168,82.9,95.5,97.5,99.5,0.00070873,99.8,0.01814936,0.02568467,1.24,1.24,,,0.882056,1.1291428,36.240434,0.491622,1.0439168,1.0439168,0.6289474,0.6289474,0.13,100,100,100,18.2,51.4,100,100,31.411608,100,90.026434,100,98.997,7,33,0.52197802,0.52197802,0.46703297,8.157895,0.054945055,0.6043956,8.138158,17.1,48.6,20.7,0,0.058292,31.5,35.2,64.7,73.5,0,8.4,0.67721519,0.67721519,10.901468,100,0,38.754118,0,0,0,0,0,0,10.242588,26,0.18486,0.18486,15.403423,1.60953054,1.91496,1.58,1.63188083,1.98377358,1.98377358,0,22.249389,22.249389,100,100,0,0,40.586797,79.095355,38.508557,20.904645,2.444988,4.5,2.444988,0.366748,0.244499,0,0,0,0,0,0
C2016USTN029,TN Soil Health 2016,S2015TN071003,S2015TN071003A,A,Chenneby,Cover Crop,Corn/Soybean,Radish/rye/Phoenix Harrow,No-Till,S2015TN071003A-3,16N01444,Ap3,10,19,1.01472634,,12,0.066572,0.016643,0,365.1554202,,7.260839,9.4143491,0.5433281,0.2469673,0,60.79711576,,,,,,1.66167295,1.75021276,21.2096418,,,,384.5609883,0.1725035,30.2692867,0.4972159,690.815545,0.1014726,0.7407502,1.0045791,77.5149451,3.6022785,30.0967832,106.1302279,0,0.2841234,6.7276356,52.2584065,388.1632668,13.1711479,3.4196278,1.2481134,2.1840468,9.6442688,0.044648,,,,,,,,,19.966834,,,4.2128359,1.29245,-2.245998,38960.85619,2176.885314,19294.377,1896.542809,451.438557,231.290634,10250.82434,345420.3734,2429.744971,49.573441,5405.434022,231.445887,0.79148655,0.1116199,0.00710308,17,0.08367962,0.26428462,279.6328889,0.0495,87.2538713,0.01650465,5.65,5.18,0.111,19.6968294,,19.6968294,0.4200174,1.7620243,1.5776264,0.1741536,12.5902781,33.5133944,,,,,,,,,,,,,,,,,,0.24678145,6.73565197,93.94417634,0.6893036,0.05520111,33.23543329,4.9193933,5.74649674,14.38709447,308.1497611,29.224119,0.71964392,9.06160769,265.9767196,490.5187128,0.04271998,17.58419275,0.76561102,0.01430764,45.99551554,27.44743424,0.21582193,,85,78,2.0086,0.72,,10.2,0,0,0,0,0,1,1,0.017755177,0.017755177,83.4,96,97.8,99.4,0.000643642,99.8,0.016051204,0.02458286,0.79,0.79,,0,,1.0416187,38.1933869,0.528569,1.7755177,1.7755177,0.994101,0.994101,0.09,100,100,100,19.7,53.2,100,100,33.03099,100,90.526434,100,98.9976,2,35,0.48730964,0.47715736,,7.053571,0.091370558,0.5177665,7.0625,16.6,46.8,,1,0.132037,30.2,,63.7,,0.01,8,0.59638554,0.59638554,12.389937,100,0,40.062893,0,0,0,0,0,0,10.440252,21,0.19256,0.19256,15.691158,1.71291434,2.01192,1.66,1.75021276,2.03358491,2.03358491,0,24.533001,24.533001,100,100,0,0,41.718555,79.327522,37.608966,20.672478,2.241594,4,1.992528,0.498132,0.249066,0,0,0,0,0,0
C2016USTN029,TN Soil Health 2016,S2015TN071003,S2015TN071003B,A,Chenneby,Cover Crop,Corn/Soybean,Radish/rye/Phoenix Harrow,No-Till,S2015TN071003B-1,16N01445,Ap1,0,5,1.014033596,6,86,0.43517445,0.04327702,0.001923423,656.3062028,,7.6040678,10.0311603,0.6387934,0.4422416,0,60.59660214,1.25625853,26.8115942,,,,1.46361677,1.52713196,20.9675433,1.29095017,1.43690095,19.877577,323.6132996,0,18.3292044,0.4964793,645.8587481,0.0709256,0.8713718,0.749785,137.119471,3.7083962,33.4363596,119.6616384,0,0.3039669,68.4837438,76.1335775,287.6337502,12.2599985,2.9890079,2.9687434,5.7406446,8.8589744,0.4167678,,5.4397395,0.819183,10.3257517,3.1149182,0.1719273,12.7630741,33.0037925,29.158713,,,63.3770998,0.88496,-2.773098,32199.84184,2008.439558,15943.4241,1552.950877,386.937982,440.215307,8891.704678,340568.6336,2119.88692,44.623562,4802.869738,201.705479,1.45006804,0.17238571,0.0091263,14,0.06958718,0.23884463,302.9718912,0.0419,294.4073148,0.00642343,5.53,5.12,0.156,16.9894552,,16.9894552,0.3344237,3.542801,2.5081777,0.1149581,17.7871602,27.0992298,,,,,,,,,,,,,,,,,,0.22815756,6.31446336,81.75796169,0.61232799,0.05370771,31.72101498,5.12297388,5.43249461,13.51911193,308.9845538,23.847826,0.74689787,8.03932248,539.3417241,409.9220792,0.02805627,17.57624833,0.71523437,0.01332673,43.2937235,31.69686655,0.1890095,,86,60,1.7666,1.01,,14.3,0,0,0,0,0,1,1,0.015732913,0.015732913,75.8,93.6,97.1,99.6,0.000774935,99.9,0.0237189,0.03166851,1.45,1.45,,0,,1.4844878,40.8660231,0.477689,1.5732913,1.5732913,0.9050266,0.9050266,0.13,100,100,100,17,44.1,100,100,27.784174,100,87.476482,100,98.97125,14,31,0.52352941,0.58823529,,8.430233,0.094117647,0.84117647,8.430233,24.2,55.9,27.2,0,0.051387,31.7,34.4,58.8,67.4,0.01,8.6,0.81506849,0.81506849,9.433962,100,0,32.630411,0,0,0,0,0,0,13.429523,30,0.17666,0.17666,21.445783,1.50321429,1.7666,1.46,1.52713196,1.9090566,1.9090566,0,20.481928,20.481928,100,100,0,0,32.650602,70.843373,38.192771,29.156627,4.216867,6.4,3.012048,0.361446,0.120482,0,0,0,0,0,0
C2016USTN029,TN Soil Health 2016,S2015TN071003,S2015TN071003B,A,Chenneby,Cover Crop,Corn/Soybean,Radish/rye/Phoenix Harrow,No-Till,S2015TN071003B-2,16N01446,Ap2,5,10,1.0136232,4,36,0.17221589,0.02870265,0.00022079,510.2537883,,7.8000309,9.4634589,0.5150964,0.2698124,0,60.44843935,1.47364614,20.5521472,,,,1.56525764,1.67985246,20.2952899,1.39557922,1.45914005,24.5397898,348.0254807,0.2632262,20.1874217,0.4758319,681.5330261,0.0911167,0.9212916,0.6985617,96.7558622,4.5659615,27.7602359,128.6973444,0,0.3239707,44.1511264,53.2223049,321.8547258,14.0522273,3.0372249,2.9056118,5.4778088,8.4031414,0.1870135,,5.8071507,0.6576019,9.3784145,2.4179515,0.2326899,13.698353,35.4926551,25.000817,,,41.4065077,1.30145,-2.762723,35080.50763,2134.42489,16747.3349,1594.849947,460.308595,554.663738,9160.893348,354934.7313,2154.068908,46.627681,5001.816934,229.190342,1.06430436,0.16217971,0.00608174,14,0.06772039,0.20451349,329.759802,0.0414,256.9421801,0.00957032,5.56,5.18,0.182,15.3266186,,15.3266186,0.5366246,3.1887887,2.0949,0.0825576,17.7189325,29.7005016,,,,,,,,,,,,,,,,,,0.31774356,5.86707768,74.47621752,0.54201528,0.0789048,28.65225492,5.02320096,5.11697628,18.0606006,319.7146626,27.21204,0.65531448,7.48877364,438.4411978,409.1922,0.02963988,15.52785768,0.6388254,0.02700972,38.95256844,28.87035588,0.16997714,,91,61,1.884,0.89,,14.1,0,0,0,0,0,1,1,0.022829416,0.022829416,76.4,94.1,97.3,99.4,0.000900793,99.9,0.023141752,0.03098338,1.06,1.06,,0,,1.4002497,34.3956847,0.409027,2.2829416,2.2829416,1.4646431,1.4646431,0.13,100,100,100,15.3,45,100,100,27.118818,100,88.033327,100,98.87185,10,31,0.54901961,0.62091503,,6.54321,0.150326797,0.92156863,6.567901,23.6,55,26.4,0,0.076563,31.4,32.3,61.1,67.8,0.01,8.6,0.68789809,0.68789809,9.021226,100,0,36.025943,0,0,0,0,0,0,13.915094,26,0.18683,0.18683,20.897285,1.63911299,1.88871,1.57,1.67985246,1.97754717,1.97754717,0,18.063754,18.063754,100,100,0,0,35.064935,72.136954,37.072019,27.863046,3.77804,5.9,2.479339,0.590319,0.118064,0,0,0,0,0,0
C2016USTN029,TN Soil Health 2016,S2015TN071003,S2015TN071003B,A,Chenneby,Cover Crop,Corn/Soybean,Radish/rye/Phoenix Harrow,No-Till,S2015TN071003B-3,16N01447,Ap3,10,19,1.014145406,,26,0.09846639,0.02060924,0,365.9706758,0.030015,8.843182,9.595001,0.511589,0.1948911,0,60.00592651,,,,,,1.63791788,1.84474461,20.9006326,,,,328.4922804,0.0101374,23.0727204,0.50687,791.7004575,0.0912366,1.1759383,0.5879691,72.6547394,3.4467157,26.2355889,148.9690798,0,0.3345342,30.7568689,42.3743282,355.3969377,15.3885718,3.3960287,2.0274798,4.620036,7.98573,0.1125701,,,,,,,,,20.883753,,,26.9129242,1.412825,-2.414898,36401.71086,2353.380193,17124.1119,1696.261634,473.703263,532.129194,9307.197766,362065.4679,2189.80868,47.645565,5070.829459,218.3881,0.81131632,0.1318389,0.00507073,14,0.06424696,0.1985532,329.0191476,0.031,176.4455997,0.01297394,6.24,5.77,0.141,17.7176702,,17.7176702,0.246361,3.1616334,1.8374428,0.0923854,18.6618489,27.6478064,,,,,,,,,,,,,,,,,,0.22808171,6.06305417,76.36191674,0.57606287,0.06616188,30.28628083,5.39880913,4.99810048,13.03722303,345.3318643,25.050604,0.99404432,8.13134514,401.8191574,470.1028605,0.03202033,15.7770318,0.64737629,0.01282833,41.14248518,29.28496376,0.16352356,,99,67,1.9844,0.71,,14.1,0,0,0,0,0,1,1,0.039101548,0.039101548,76,94.7,97.9,99.7,0.000734517,99.9,0.023011896,0.0310152,0.81,0.8064,,0,,1.3670614,42.2253067,0.397106,3.9101548,3.9101548,2.5753812,2.5753812,0.11,100,100,100,17.7,45.3,100,100,28.683144,100,88.305052,100,99.2473,4,34,0.4519774,0.54237288,,6.136364,0.220338983,0.79661017,6.116667,24,54.7,,0,0.103792,30.7,,58.3,,0.01,9.5,0.61585366,0.61585366,10.949582,100,0,36.065574,0,0,0,0,0,0,14.846891,22,0.21156,0.21156,22.72175,1.77237558,1.98276,1.64,1.84474461,2.02113208,2.02113208,0,21.506683,21.506683,100,100,0,0,33.535844,70.838396,37.302552,29.161604,3.888214,5.3,2.18712,0.243013,0.121507,0,0,0,0,0,0
C2016USTN029,TN Soil Health 2016,S2015TN071003,S2015TN071003C,B,Chenneby,No Cover Crop,Corn/Soybean,,No-Till,S2015TN071003C-1,16N01448,Ap1,0,5,1.012229016,2,66,0.32111222,0.03528706,0.001058612,657.5024081,0.067479,8.4733231,9.4277976,0.6593076,0.488376,0,60.40596602,1.21849903,28.030303,,,,1.45504433,1.5838068,17.0108979,1.33752427,1.41754282,27.3971911,359.8214814,0,32.3970015,0.5166501,778.9766832,0.1013039,0.9117355,1.4689072,161.7418782,4.7916766,37.8978057,252.2569528,0,0.4862589,132.3434734,94.0404519,336.2784446,14.1724219,4.2648961,4.3459392,2.2419247,8.6788814,0.6468143,,6.121498,0.6261741,4.9083968,3.6661482,0.2221908,10.3924698,38.7965136,28.278275,,,125.8712041,1.180975,-2.668348,33105.01171,2383.757831,14911.51105,1461.049337,727.870604,747.270985,8529.938524,365595.1481,2291.212769,47.67295,5111.095545,210.980918,1.39687604,0.17207893,0.01012229,14,0.07096159,0.22509099,680.6519895,0.0392,417.9079084,0.00713754,6.13,5.72,0.146,14.0192559,,14.0192559,0.7876464,2.0416623,3.4304073,0.1658203,11.35869,36.7329464,,,,,,,,,,,,,,,,,,0.20700083,5.48283969,100.3201958,0.72121317,0.07966242,27.60429505,5.54306731,6.42967871,15.21187888,594.8807169,31.885214,0.6550134,7.98557593,592.9038336,420.9860478,0.04676498,18.51397237,0.64519477,0.01234919,37.54812923,34.01443774,0.18350709,,100,,1.7082,1.08,,,0,0.058107,0.034736,0,0.058107,0.99965264,0.99968087,0.026679153,0.026670177,82.2,93.6,95.6,99,0.001035895,99.8,0.019140639,0.02621302,1.4,1.3916,18.28,0,,1.0968869,25.3047083,0.450182,2.6679153,2.6679153,1.3515148,1.3515148,0.13,100,100,100,14,50.7,100,100,28.604398,100,88.647726,100,98.1449,20,25,0.62142857,0.67142857,,8.081395,0.192857143,,8.073256,17.8,49.3,19.8,0,0.0571,31.5,35.3,68.2,74.1,0.01,9.7,0.81506849,0.81506849,7.761376,100,0,37.80899,0,0,0,0,0,0,9.868036,30.7474592,0.12118,0.12118,13.255814,1.52311787,1.7082,1.46,1.5838068,1.9090566,1.9090566,0.058107,16.27907,16.262791,99.941893,99.941893,0,0.058107,42.674419,79.223023,36.627907,20.676977,2.325581,6.4,3.953488,0.930233,0.232558,0.058107,0,0,0,0,0.058107
C2016USTN029,TN Soil Health 2016,S2015TN071003,S2015TN071003C,B,Chenneby,No Cover Crop,Corn/Soybean,,No-Till,S2015TN071003C-2,16N01449,Ap2,5,10,1.012157767,4,34,0.21018902,0.02335434,0.000333633,509.9235451,,8.6793252,9.5412955,0.5134249,0.244488,0,60.46029237,1.38068668,22.4188791,,,,1.61558532,1.64441416,14.9949241,1.39137402,1.47056173,20.7834075,359.3382837,0.0607538,36.2092454,0.516407,787.237194,0.1012563,0.8606784,1.6808542,134.4480875,5.1235677,29.0200496,205.8033875,0,0.4860301,83.3035409,51.296431,352.4933592,14.4593967,4.2527637,3.756608,7.9287176,8.5496183,0.3157932,,7.1448394,0.6017536,3.4588261,3.4689398,0.1314759,11.4232248,42.6660705,24.098451,,,78.0888425,1.524175,-2.761723,33489.05148,2346.683734,15069.36516,1511.208227,685.841139,594.785402,8497.951104,362647.3252,2318.961745,47.940853,5165.22631,210.279825,1.11337354,0.15182367,0.0070851,14,0.07693581,0.22431017,655.9138888,0.0385,360.9589011,0.00835362,5.97,5.61,0.211,15.1074975,,15.1074975,0.7321173,3.0109611,2.4541396,0.1340496,10.5692985,36.7546788,,,,,,,,,,,,,,,,,,0.17733004,5.39520576,110.4221613,0.72703292,0.07925195,28.55509614,5.4872109,6.32861765,16.58967066,535.7609161,25.911239,0.65193082,8.11679678,523.4251421,445.2482017,0.04534467,19.35994647,0.7448469,0.01174103,40.43600644,33.21547536,0.1890909,,99,54,1.863,0.9,,17.3,0,0,0,0,0,1,1,0.004098406,0.004098406,83.1,93.7,96.7,99.2,0.000918928,99.9,0.017758225,0.02537122,1.11,1.11,,0,,1.1071835,27.6095732,0.44862,0.4098406,0.4098406,0.2053394,0.2053394,0.13,100,100,100,15.1,51.9,100,100,29.744192,100,89.095254,100,98.57125,15,24,0.56291391,0.62913907,,7.302632,0.026490066,1.14569536,7.322368,16.9,48.1,19.1,0,0.066829,31.2,31.1,68,73.8,0.01,9.4,0.63580247,0.63580247,9.190505,100,0,41.387705,0,0,0,0,0,0,10.286062,25,0.1053,0.1053,12.485277,1.62943396,1.863,1.62,1.64441416,2.00867925,2.00867925,0,17.78563,17.78563,100,100,0,0,43.345112,80.094229,36.749117,19.905771,3.533569,6.3,2.944641,0.824499,0.117786,0,0,0,0,0,0
C2016USTN029,TN Soil Health 2016,S2015TN071003,S2015TN071003C,B,Chenneby,No Cover Crop,Corn/Soybean,,No-Till,S2015TN071003C-3,16N01450,Ap3,10,19,1.012864865,,14,0.12330765,0.01654127,0,365.2156965,0.050814,8.3675754,9.9584525,0.5245346,1.7734264,0,61.60213354,,,,,,1.65352214,1.68442342,17.3802423,,,,393.097184,0.1011651,40.2535887,0.515942,775.7035483,0.1112816,1.2038646,0.8194372,93.3146775,5.4022157,27.5877196,261.1273262,0,0.4653594,41.9531622,39.1913552,369.5661844,18.2097159,4.3703318,2.6100593,5.0217179,8.6550976,0.1539555,,,,,,,,,20.413483,,,37.7699008,1.4981,-2.380948,36542.35231,2274.150031,15700.91458,1574.051759,765.783571,482.550092,8607.268902,360985.675,2341.43667,48.219458,5161.663677,210.621197,0.90144973,0.12154378,0.00607719,15,0.08027644,0.23170227,680.3790896,0.0396,222.990098,0.01068278,6.2,5.74,0.143,15.9159397,,15.9159397,0.5355469,2.1936826,2.8425183,0.1544847,10.1444947,38.3636158,,,,,,,,,,,,,,,,,,0.23620009,5.52436755,108.2705949,0.76633356,0.09733631,28.1572381,5.84574957,5.39451827,15.86743969,594.7057325,34.336119,0.70029477,8.66171647,400.3335212,528.7154595,0.04669307,18.16583264,0.68540565,0.01590198,41.04260105,31.66458656,0.19612758,,100,,1.9305,0.78,,,0,0,0.161432,0.253737,0.253737,0.99838568,0.99841525,0.006024242,0.006014579,84.2,94.3,96.5,99.3,0.000851061,99.8,0.015454353,0.02381724,0.9,0.894,,0,,1.0704902,27.9853444,0.463405,0.6024242,0.6024242,0.4024188,0.4024188,0.1,100,100,100,15.9,54.3,100,100,31.180896,100,89.912459,100,98.5958,10,28,0.54716981,0.62893082,,7.295082,0.037735849,,7.336066,15.8,45.7,,0,0.085462,29.9,,68.3,,0.01,10.7,0.60606061,0.60606061,9.806557,100,0.156967,42.125023,0,0.156967,0,0,0.156967,0,9.744881,21.2769818,0.14355,0.14355,12.009512,1.66620112,1.9371,1.65,1.68442342,2.02735849,2.02735849,0,18.906064,18.849346,99.746263,99.746263,0,0.253737,45.659929,80.969203,35.552913,18.730797,2.615933,5.7,3.32937,0.59453,0.237812,0.253737,0,0,0,0.253737,0.253737
C2016USTN029,TN Soil Health 2016,S2015TN071003,S2015TN071003D,B,Chenneby,No Cover Crop,Corn/Soybean,,No-Till,S2015TN071003D-1,16N01451,Ap1,0,5,1.014228142,7,106,0.21801,0.026832,0.0001677,730.2442619,,7.3353586,10.9005203,0.7504822,1.0167824,0,59.72145397,1.20307087,31.1284047,,,,1.48160391,1.50393383,18.8327652,1.3096922,1.36125316,22.6088914,380.3267844,0.0405043,29.9320554,0.5169366,671.3072292,0.0760267,0.6588436,1.1402071,141.4314473,4.35855,41.5681508,189.2194726,0,0.5017171,153.3030845,138.0756629,265.6501415,12.6043516,3.659111,5.5393019,7.2911059,9.6755504,0.9980005,,6.5345507,1.1021456,5.2882768,3.781674,0.1820057,9.2924023,37.2997028,29.993638,0.0990224,2.5548059,143.7229054,1.308,-2.973623,33076.8814,2197.326283,15085.31699,1584.374463,712.55308,835.766586,8919.864691,356392.4472,2389.047857,48.074414,5116.632897,209.556776,1.84589522,0.21298791,0.01217074,16,0.08110268,0.24508478,704.4227887,0.0424,468.2216756,0.00522569,5.33,4.99,0.258,15.6085001,,15.6085001,0.378342,2.1859761,2.4802421,0.0945855,9.6267025,39.4009164,0,2.5254333,0,4.7332,0,0.4514004,0.669,0,0.6242,0.4651694,1.696087,5.43,0,0.951,-1.6150998,1.7742036,52.8850024,0.20951287,5.46188119,96.55593333,0.72571862,0.11556544,26.40660148,5.65129133,6.33720857,15.6909377,568.9244067,32.932109,0.72278908,7.9820967,687.8252811,463.8780504,0.03677082,16.89336376,0.64045881,0.01232429,39.34225307,35.40949254,0.20364507,1,83,55,1.7612,1.63,9.2,16.4,0,0.193181,0.109726,0,0.193181,0.99890274,0.99891901,0.004484365,0.004479474,85.2,94.8,97,99.5,0.000875096,99.9,0.014932291,0.02327631,1.85,1.85,19.625,,0.783582,1.0569507,26.5985809,0.49017,0.4484365,0.4484365,0.2247199,0.2247199,0.18,100,100,100,15.6,55,100,100,31.278836,100,90.629664,100,98.87125,16,28,0.62179487,0.69871795,0.58974359,8.685446,0.025641026,1.05128205,8.666667,14.8,45,19.7,0,0.041806,30.2,36.5,69.6,73.8,0.01,9.1,0.79054054,0.79054054,8.639734,100,0.107204,38.546504,0.107204,0.107204,0,0,0,0,8.19667,31.9946909,0.13468,0.13468,11.374408,1.49047181,1.75824,1.48,1.50393383,1.92150943,1.92150943,0.193181,18.483412,18.446445,99.806819,99.806819,0,0.193181,46.682464,82.299526,35.781991,17.500474,2.606635,5.2,2.962085,0.473934,0.118483,0.193181,0,0,0,0,0.193181
C2016USTN029,TN Soil Health 2016,S2015TN071003,S2015TN071003D,B,Chenneby,No Cover Crop,Corn/Soybean,,No-Till,S2015TN071003D-2,16N01452,Ap2,5,10,1.014459318,9,36,0.21411477,0.02429671,0,510.2669623,,6.5350025,10.0453394,0.5650566,0.7861657,0,60.51955749,1.32927167,22.2222222,,,,1.55940169,1.66396987,21.0851706,1.36918702,1.40543262,20.0574674,383.1917182,0,33.1119521,0.5072297,602.162762,0.0811567,0.6695431,1.0651823,120.9641291,4.1187048,29.4598986,178.6158521,0,0.5275188,84.6059071,98.9605065,292.2150065,12.0416321,3.1549685,4.2302954,14.0561018,9.3709677,0.3723066,,6.5325031,0.6064956,7.0252403,3.234643,0.1516239,6.7219925,46.4172892,23.447817,1.3378844,2.6342383,74.8371628,1.532275,-2.835648,34202.48881,1844.20284,15177.55107,1570.23187,720.674943,724.825096,8756.243721,355724.5799,2375.810971,47.087144,5145.401572,205.107443,1.27821874,0.16231349,0.00913013,16,0.08020324,0.25075528,701.644894,0.0405,358.8320919,0.00576694,5.11,4.75,0.242,17.166162,,17.166162,0.509859,1.9041673,2.5597003,0.072837,9.864211,37.7989699,,,,,,,,,,,,,,,,,,0.21881887,5.74691204,104.3173589,0.85478342,0.09890978,29.54724354,5.96096295,6.76066123,16.52351337,606.654585,28.810645,0.73700469,8.58334029,601.0250459,446.6664377,0.04433187,16.90890647,0.80355323,0.02647739,41.84583819,35.14918934,0.20558088,14,79,36,1.8876,1.07,9.2,22,0,0.236923,0.148898,0,0.236923,0.99851102,0.99860446,0.020926546,0.020896105,85,94.9,96.8,99.4,0.000762826,99.9,0.014748738,0.02329986,1.28,1.28,,0,,1.0703603,30.5441459,0.501511,2.0926546,2.0926546,1.2659572,1.2659572,0.14,100,100,100,17.2,55,100,100,32.242132,100,90.599341,100,98.7461,8,33,0.54651163,0.58139535,0.53488372,7.901235,0.122093023,1.27906977,7.888889,15,45,17.7,1,0.046136,30,29.4,67.8,75.8,0.01,7.9,0.69871795,0.69871795,10.121226,100,0.139695,39.896462,0.139695,0.139695,0,0,0,0,8.826651,25.5542964,0.18252,0.18252,11.956522,1.61954198,1.88916,1.56,1.66396987,1.97132075,1.97132075,0.236923,20.772947,20.731401,99.763077,99.763077,0,0.236923,45.652174,81.72029,36.231884,18.07971,2.294686,5.1,3.140097,0.603865,0.120773,0.236923,0,0,0,0,0.236923
C2016USTN029,TN Soil Health 2016,S2015TN071003,S2015TN071003D,B,Chenneby,No Cover Crop,Corn/Soybean,,No-Till,S2015TN071003D-3,16N01453,Ap3,10,19,1.013851273,,30,0.16161881,0.02268334,0,474.1177652,,6.9811143,9.9918512,0.5614183,0.5614183,0,60.16594232,,,,,,1.5780534,1.68418149,21.7354051,,,,381.5523265,0.1114184,37.8419583,0.5014434,650.822317,0.0810433,0.780042,1.0534498,104.5610488,4.3155648,30.1632577,193.805048,0,0.5065208,57.6928828,78.7385241,318.4651638,12.7390089,3.474708,3.5101605,6.7016374,9.4228188,0.2352135,,,,,,,,,22.875516,0.129456,1.9815515,52.933175,1.405117,-2.466348,36887.9272,1991.523263,16767.15143,1637.441789,774.091669,587.091871,8790.607601,358213.0497,2379.309209,48.007885,5181.360942,195.255589,1.10509789,0.15207769,0.00608311,17,0.08168865,0.25912881,710.3810602,0.0484,306.0739357,0.01158118,5.38,4.96,0.169,17.7001673,,17.7001673,0.3304624,2.3855257,2.3029101,0.216866,9.0360824,37.6387632,,,,,,,,,,,,,,,,,,0.12485953,5.87032029,106.2929972,0.79853436,0.0739646,28.50308281,5.68171562,6.08280409,16.26877153,607.3690558,54.031595,0.66122935,8.26946475,494.620902,561.5643279,0.02681343,16.26340885,0.6762044,0,37.85105462,33.07431762,0.21125306,1,82,55,1.9276,0.95,8.3,14.9,0,0.041894,0.079912,0.083788,0.125682,0.99920088,0.99925119,0.02066698,0.020650856,85.8,94.8,97.2,99.5,0.000734517,99.8,0.014456813,0.02303307,1.11,1.11,,0,,1.066502,31.3581297,0.518258,2.066698,2.066698,1.2501294,1.2501294,0.13,100,100,100,17.7,55.3,100,100,32.662544,100,90.89031,100,98.92155,5,35,0.53107345,0.56497175,0.46892655,7.302632,0.118644068,0.84180791,7.269737,14.2,44.7,,1,0.092649,30.5,,68.1,,0.01,8.2,0.67721519,0.67721519,10.591375,100,0.075281,40.749865,0,0.075281,0,0,0,0,8.497035,23.1347131,0.19434,0.19434,10.935601,1.6405613,1.92286,1.58,1.68418149,1.98377358,1.98377358,0.041894,21.506683,21.485176,99.874318,99.874318,0,0.125682,45.686513,82.663305,37.059538,17.236695,2.91616,5.2,2.794654,0.36452,0.243013,0.125682,0,0,0,0.083788,0.125682
C2016USTN029,TN Soil Health 2016,S2015TN113002,S2015TN113002A,C,Feliciana,Cover Crop,Corn/Soybean,Wheat,No-Till,S2015TN113002A-1,16N01454,Ap1,0,5,1.02125346,4,91,0.31037274,0.02297891,0.001951634,661.7722421,0.038556,9.72283,13.573684,3.132355,0.9021183,0,61.34334255,1.49985438,24.8160435,1.27123462,,,1.47021748,1.61081104,23.9130891,1.35284757,1.45370763,24.406106,444.9732653,0,47.5551731,0.4894186,827.0460453,0.0611773,1.6110029,1.3153125,118.8879327,2.8141569,195.145467,102.7575117,0,0.3772602,95.426429,123.3130925,306.3148607,13.3468528,11.1036843,1.5804142,2.2896828,12.9508197,0.575987,,10.0681188,0.2437167,1.5740036,0.9444021,0.071084,1.7263265,45.5714852,25.862985,,,94.4638993,0.835532,-1.25916,48951.95554,2927.440404,26387.02639,3954.103444,477.123489,720.898732,14538.41107,331806.2234,4307.06498,78.974551,4965.357811,265.166418,1.19486655,0.16340055,0.00714877,22,0.13070635,0.48635644,343.9093845,0.0616,395.8594426,0.02109172,6.24,5.8,0.171,25.1966647,,25.1966647,0.1457392,0.3851679,0.4268077,0.0416398,0.6662364,33.8044804,,,,,,,,,,,,,,,,,,0.45242955,13.43539445,167.8207873,0.7365867,0.06380286,29.9176303,8.54530265,16.47418406,14.77362378,368.299976,35.672526,0.95948903,17.16990024,643.9177351,427.3568621,0.0393417,33.76037673,0.88977472,0.00693066,58.19187829,56.27198294,0.37388457,,100,86,1.8228,0.88,,16,0,0,0,0,0,1,1,0.030788379,0.030788379,98.4,99.1,99.5,99.9,0.000498718,100,0.010833226,0.02047057,1.19,1.1852,,0,,0.7535261,41.0463556,0.972713,3.0788379,3.0788379,1.5627524,1.5627524,0.14,100,100,100,25.2,59,100,100,38.650372,100,98.795913,100,99.7994,10,35,0.51587302,0.53968254,,7.300613,0.123015873,0.63492063,7.30184,1.6,41,4.5,1,0.168734,39.4,39.8,73.2,85.4,0.01,13.7,0.80272109,0.80272109,13.984462,100,0,40.621532,0,0,0,0,0,0,0.887902,23,0.16023,0.16023,0.935829,1.54009646,1.82133,1.47,1.61081104,1.91528302,1.91528302,0,33.68984,33.68984,100,100,0,0,45.187166,97.860963,52.673797,2.139037,0.534759,0.9,0.534759,0.13369,0,0,0,0,0,0,0
C2016USTN029,TN Soil Health 2016,S2015TN113002,S2015TN113002A,C,Feliciana,Cover Crop,Corn/Soybean,Wheat,No-Till,S2015TN113002A-2,16N01455,Ap2,5,10,1.021047228,4,11,0.12480852,0.01024998,0.000582842,440.7398106,0.030189,9.1766964,13.2018216,2.5462811,0.5798462,0,61.62880284,1.35358064,21.7441565,1.3985855,,,1.57128017,1.71650256,21.6859243,1.4157862,1.52007117,24.2157936,466.6026676,0.0918208,51.8481416,0.4897109,840.6805819,0.0510116,1.6017627,1.4385258,83.9140033,3.2035255,164.7673135,86.4135694,0,0.3468786,39.8808315,75.6297272,342.4507519,16.1196505,13.0385527,1.3058957,11.0543197,12.7094668,0.2123778,,10.2800695,0.0508146,1.1077574,0.7012409,0,1.4431334,47.6881003,23.218368,,,36.6817647,1.1936,-1.174895,51263.14741,2756.429307,26745.85633,3828.861758,476.89236,704.237715,14499.81,324850.56,4283.722982,77.595505,4967.142566,268.305685,0.8474692,0.13273614,0.00612628,23,0.1299459,0.47543529,339.8256271,0.06,271.433048,0.02137268,5.91,5.48,0.155,25.2413793,,25.2413793,0.041235,0.4329674,0.2577187,0.0206175,0.8246998,34.9655173,,,,,,,,,,,,,,,,,,0.50685518,14.05590733,152.9521615,0.74764706,0.07571238,29.79633879,8.71548387,16.69942103,16.21671636,377.4719891,35.869124,0.94176831,17.53123824,532.1553453,439.0910684,0.03637863,32.37066176,0.89764521,0.01039389,59.44074331,57.72167478,0.36766355,,93,53,1.9154,0.73,,23.4,0,0,0,0,0,1,1,0.030883523,0.030883523,98.5,99.3,99.7,100,0.000498718,100,0.010223543,0.01973857,0.85,0.8464,,0,,0.7641429,39.5785899,0.950871,3.0883523,3.0883523,1.4646431,1.4646431,0.12,100,100,100,25.2,60.2,100,100,39.1279,100,98.952472,100,99.92455,6,35,0.50396825,0.52380952,,6.390977,0.123015873,0.92857143,6.341353,1.5,39.8,3.3,1,0.170981,38.3,38.7,73.3,86.4,0.01,12.3,0.68789809,0.68789809,14.858491,100,0,43.21934,0,0,0,0,0,0,0.884434,24,0.1413,0.1413,1.069519,1.63887755,1.91069,1.57,1.71650256,1.97754717,1.97754717,0,33.68984,33.68984,100,100,0,0,46.791444,97.994652,51.203209,2.005348,0.534759,0.7,0.40107,0,0,0,0,0,0,0,0
C2016USTN029,TN Soil Health 2016,S2015TN113002,S2015TN113002A,C,Feliciana,Cover Crop,Corn/Soybean,Wheat,No-Till,S2015TN113002A-3,16N01456,Ap3,10,15,1.021152086,,19,0.0590341,0.00607939,0.000255974,220.3485813,0.004824,8.5614965,12.8446957,2.4211812,0.6240158,0,61.08455156,,,,,,1.54684891,1.71276584,21.5154559,,,,479.3594237,0.1021152,54.3763486,0.4799415,791.3520206,0.0408461,1.000729,1.2458055,60.2786076,2.6447839,154.2245995,61.4835671,0,0.234865,17.4719122,71.7869916,331.1596215,16.7366827,12.8052472,0.5309991,,13.0981257,0.1266229,,,,,,,,,21.986695,,,15.1455904,1.479875,-1.261848,50433.7151,2638.771359,27526.42377,3952.80416,551.399661,551.058596,14564.43079,321869.4218,4237.808728,77.009163,4811.782998,268.239293,0.57184517,0.11232673,0.00408461,24,0.13384486,0.47236906,379.7313137,0.0599,195.0817463,0.0234724,5.56,5.16,0.169,25.59602,0,25.59602,0.0102684,0.3080525,0.3388577,0.0616105,0.8420101,36.4774197,,,,,,,,,,,,,,,,,,0.45856991,14.75552539,161.0462686,0.80574982,0.05440361,30.33235425,9.00153355,16.94764641,15.8449478,423.4214195,40.870494,0.96651679,18.01740757,451.1864955,475.6335205,0.03724276,33.37855487,0.93131247,0.00275711,62.29939947,59.72290196,0.37002939,,91,,1.891,0.51,,,0,0,0,0,0,1,1,0.033288202,0.033288202,98.5,99.3,99.6,99.9,0.000491649,99.9,0.009322302,0.01751845,0.57,0.57,,0,,0.8091055,35.6320454,0.944738,3.3288202,3.3288202,1.4832668,1.4832668,0.1,100,100,100,25.6,62.1,100,100,40.12481,100,98.952472,100,99.82455,8,34,0.51171875,0.5,,5.089286,0.12890625,,5.107143,1.5,37.9,,1,0.187779,36.4,,72.9,,0,11.6,0.70967742,0.70967742,14.862119,100,0,42.322206,0,0,0,0,0,0,0.870827,23,0.1302,0.1302,1.075269,1.61934985,1.88325,1.55,1.71276584,1.96509434,1.96509434,0,34.408602,34.408602,100,100,0,0,49.05914,97.983871,48.924731,2.016129,0.403226,0.7,0.403226,0,0.134409,0,0,0,0,0,0
C2016USTN029,TN Soil Health 2016,S2015TN113002,S2015TN113002B,C,Feliciana,Cover Crop,Corn/Soybean,Wheat,No-Till,S2015TN113002B-1,16N01457,Ap1,0,5,1.019975464,8,162,0.67754502,0.04843137,0.006226891,881.6114455,0.400389,10.8244076,14.0794572,4.0407856,1.3224389,0,60.00098775,1.28644224,24.8389378,1.32155409,0.75375,,1.47983459,1.59872058,24.0888394,1.31105703,1.39666147,24.8352197,427.1759241,0.2753934,46.1946888,0.4895882,953.2792684,0.0611985,1.6319607,1.4687647,131.3014415,3.243522,224.1600077,106.8220303,0,0.3875907,231.5854291,207.9525976,277.9433139,13.637072,10.4241492,2.6111372,2.3688525,12.4172185,1.3157683,,8.4933369,0.6510549,2.4211105,2.0142011,0.0101727,2.1057557,44.304185,32.786624,,,225.8268994,1.214022,-0.874468,47329.70216,3872.735659,25092.98758,4363.029705,478.358293,987.178153,14899.09678,326751.0177,4357.383121,86.407221,4655.92382,227.921677,1.78495706,0.21419485,0.01835956,18,0.13426968,0.47440553,387.3769393,0.0692,630.9310042,0.02162592,6.51,6.22,0.3775,22.9566753,,22.9566753,0.0420526,0.6833545,0.2312892,0.0105131,1.0197752,34.1396146,0,1.3463667,0,4.5,0,1.9002623,0.79,0.0300032,2,0.0430871,0.2745717,6.49,0,0.64,-1.6248998,2.360608,58.4894749,0.45746205,13.54307541,211.8617299,0.70706084,0.10148858,27.04645118,8.63986402,15.90540781,14.2289631,387.373448,29.214866,0.98444937,16.8019072,857.709583,420.0018727,0.03837632,38.55944968,0.79725028,0.01903547,52.81253795,56.87564381,0.37147245,,100,,1.8352,1.1,,,0,0,0,0,0,1,1,0.026327791,0.026327791,98.1,99.1,99.8,100,0.000544268,100,0.0123828,0.02133914,1.78,1.732,,,0.675023,0.8863956,39.2070681,0.948811,2.6327791,2.6327791,1.3334903,1.3334903,0.16,100,100,100,23,57.1,100,100,36.569754,100,98.66559,100,99.9497,8,36,0.53913043,0.61304348,,8.084112,0.113043478,,8.116822,1.9,42.9,7.2,1,0.173007,41,40,75.1,84.3,0.01,16.1,0.79054054,0.79054054,12.763596,100,0,41.675916,0,0,0,0,0,0,1.054384,33,0.17316,0.17316,1.298701,1.54352941,1.83668,1.48,1.59872058,1.92150943,1.92150943,0,29.87013,29.87013,100,100,0,0,44.285714,97.532468,53.246753,2.467532,0.909091,0.9,0.25974,0,0,0,0,0,0,0,0
C2016USTN029,TN Soil Health 2016,S2015TN113002,S2015TN113002B,C,Feliciana,Cover Crop,Corn/Soybean,Wheat,No-Till,S2015TN113002B-2,16N01458,Ap2,5,10,1.021117598,7,30,0.175376,0.014238,0.0010848,514.8492091,0.004815,8.6672422,12.9717484,2.2610197,0.7285508,0,61.48261557,1.50122249,21.4993398,1.52770109,0.49678801,,1.46464581,1.60031129,22.0286005,1.4680062,1.49938775,22.2987374,462.018894,0.132958,46.6887203,0.4602393,788.8808462,0.0409102,1.1454845,1.1250294,85.9011088,2.7205257,140.5775379,72.6462169,0,0.3272813,69.3836317,92.0171778,286.7290851,14.3696938,10.4934561,1.3500353,12.7388726,12.4587459,0.3114409,,9.2343492,0.0508968,1.3436756,0.9263218,0.0203587,1.6083389,45.7222867,22.148847,,,68.0132885,1.087045,-1.350925,48905.89842,2910.772297,26150.89827,3857.590315,490.863483,679.68038,14764.54868,329217.9611,4412.989451,77.523248,4831.819214,249.853181,0.92921701,0.14295646,0.00714782,21,0.13237006,0.4662332,376.0634424,0.0691,352.5594773,0.01901684,5.46,5.1,0.245,23.1673361,,23.1673361,0.0619496,0.4233219,0.2994228,0,0.6298204,34.4401722,,,,,,,,,,,,,,,,,,0.4800657,13.80093596,157.6183282,0.77737342,0.07934224,30.14603958,8.54338401,15.88379519,14.83639735,388.5166894,32.097999,0.9456873,17.15898851,588.6372822,433.523601,0.03871821,32.68769958,0.90024857,0.0032098,59.61099974,56.33208882,0.36548666,,90,48,1.7812,0.75,,24.4,0,0,0,0,0,1,1,0.030992982,0.030992982,98.6,99.2,99.6,99.9,0.000539591,100,0.012025406,0.02110202,0.93,0.93,,0,,0.8730122,39.1074561,0.932466,3.0992982,3.0992982,1.5732913,1.5732913,0.13,100,100,100,23.2,57.6,100,100,36.889136,100,98.939354,100,99.82455,13,32,0.5387931,0.56034483,,6.503497,0.13362069,1.05172414,6.496503,1.4,42.4,3.9,1,0.152135,41,41.2,75.4,86.9,0.01,11.7,0.81506849,0.81506849,12.874584,100,0,41.842397,0,0,0,0,0,0,0.776915,24,0.1387,0.1387,0.78125,1.52686777,1.7812,1.46,1.60031129,1.9090566,1.9090566,0,30.208333,30.208333,100,100,0,0,44.791667,98.177083,53.385417,1.822917,0.520833,0.8,0.390625,0.130208,0,0,0,0,0,0,0
C2016USTN029,TN Soil Health 2016,S2015TN113002,S2015TN113002C,D,Feliciana,Cover Crop,Corn/Soybean,Wheat,No-Till,S2015TN113002C-1,16N01459,Ap1,0,5,1.021454911,6,125,0.51516955,0.03279484,0.003487046,733.9795768,,9.0927922,13.5589869,3.0309307,1.2465925,0,59.84788621,1.25551699,27.8735,1.31314201,,,1.47955732,1.6233941,22.227588,1.30550708,1.41589038,27.3663105,470.0591737,0.6841011,52.4715792,0.5105232,831.8567878,0.1021046,1.2865186,2.0318825,237.8732013,2.2156709,197.5929172,154.8008587,0,0.3369453,89.3824099,190.0269627,339.3141704,19.348831,11.7522451,1.8685151,4.75557,12.4924925,0.4739551,,8.8628205,0.4985755,2.035002,1.2820513,0.0407,1.8925519,42.353663,33.91584,,,75.5860265,0.854122,-1.01473,47816.39224,2939.43569,25758.17558,3869.387649,516.402659,784.995249,14627.93607,328032.5429,4308.98507,78.181137,4895.179657,263.920456,1.43003688,0.17364733,0.01021455,28,0.13344022,0.60068951,384.6831476,0.0736,463.913281,0.02178829,6.52,6.02,0.157,22.6081877,,22.6081877,0.0730117,0.3129074,0.5006519,0.0208605,0.7822686,33.6610796,,,,,,,,,,,,,,,,,,0.53346043,14.16478642,154.8383946,0.72307182,0.06483486,26.48330837,8.51334756,15.82358026,14.46041708,402.0932791,29.563066,1.03847916,17.01364659,701.7984461,432.8440671,0.0364951,30.22711392,0.80717365,0.01722813,52.85305379,56.06237949,0.43378498,,98,73,1.8056,0.91,,18.1,0,0,0,0,0,1,1,0.030586462,0.030586462,98.3,99.1,99.4,99.9,0.000553998,100,0.013004282,0.02168136,1.43,1.43,,0,,0.91545,39.136208,1.201379,3.0586462,3.0586462,1.5523539,1.5523539,0.14,100,100,100,22.6,56.3,100,100,36.010578,100,98.752472,100,99.77425,11,33,0.55309735,0.60176991,,8.218391,0.137168142,0.80088496,8.218391,1.7,43.7,5.7,1,0.174306,42,43,75.7,85.4,0.01,13.3,0.79054054,0.79054054,12.54162,100,0,42.008879,0,0,0,0,0,0,0.943396,35,0.14356,0.14356,1.033592,1.54773067,1.80856,1.48,1.6233941,1.92150943,1.92150943,0,29.198966,29.198966,100,100,0,0,43.540052,97.803618,54.263566,2.196382,0.387597,0.9,0.645995,0.129199,0,0,0,0,0,0,0
C2016USTN029,TN Soil Health 2016,S2015TN113002,S2015TN113002C,D,Feliciana,Cover Crop,Corn/Soybean,Wheat,No-Till,S2015TN113002C-2,16N01460,Ap2,5,10,1.022775746,6,57,0.17388,0.01334,0.00092,515.0669224,-0.012105,9.0652509,13.2934265,2.5542972,0.7262218,0,61.2356776,1.37627563,20.8559571,1.45159142,,,1.55891519,1.71739056,21.8961119,1.3391786,1.48128018,22.4797645,451.0171135,0.30671,55.9336876,0.4702887,819.1202796,0.0511183,1.6460105,1.2779585,84.0283272,2.9955347,160.5524822,104.9050573,0,0.4089467,36.3860344,94.0066272,345.7337805,15.6013174,12.5751116,1.5335502,4.3918771,12.8448276,0.2076235,,9.8013214,0.0915558,1.2463344,0.844469,0.0101762,1.5007027,45.535704,24.3176,,,37.3706523,1.24285,-1.244548,49887.99188,2687.148945,25334.22785,3690.30683,503.601481,655.010134,13625.71509,308320.6457,4014.783458,73.451663,4599.653677,246.674077,0.90004266,0.10227757,0.00511388,22,0.13005499,0.47762318,388.2238509,0.0575,260.9726998,0.02178367,5.84,5.46,0.192,24.0120469,,24.0120469,0.0724473,0.3829356,0.4346836,0.0310488,0.7141231,34.7717705,,,,,,,,,,,,,,,,,,0.33280638,14.96223894,139.5749316,0.72150159,0.08449017,26.44481692,8.64973172,16.06728143,14.85106767,407.2354454,32.138605,0.90230651,17.32968181,509.9915618,489.456812,0.035878,28.51664526,0.79952361,0.00454792,53.69997139,57.59308843,0.36886658,,93,74,1.9032,0.73,,16.8,0,0,0,0,0,1,1,0.033081575,0.033081575,98.4,99.1,99.5,99.9,0.000522031,100,0.011172656,0.02056311,0.9,0.9012,,0,,0.8243319,39.390557,0.955246,3.3081575,3.3081575,1.4738961,1.4738961,0.09,100,100,100,24,58.8,100,100,37.848312,100,98.795913,100,99.7994,7,34,0.53333333,0.55416667,,8.823529,0.1375,0.7,8.835294,1.6,41.2,3.6,1,0.174269,39.6,41.1,74.4,86.6,0.01,12.4,0.69871795,0.69871795,14.150943,100,0,43.867925,0,0,0,0,0,0,0.943396,26,0.14196,0.14196,0.921053,1.63420999,1.90164,1.56,1.71739056,1.97132075,1.97132075,0,31.578947,31.578947,100,100,0,0,45.789474,97.894737,52.105263,2.105263,0.526316,0.9,0.526316,0.131579,0,0,0,0,0,0,0
C2016USTN029,TN Soil Health 2016,S2015TN113002,S2015TN113002C,D,Feliciana,Cover Crop,Corn/Soybean,Wheat,No-Till,S2015TN113002C-3,16N01461,Bt1,10,25,1.02317797,,38,0.11211,0.009546,0.0005106,368.4177675,0.038744,9.7093178,13.0415223,2.5274255,0.5255043,0,61.04504149,,,,,,1.44100924,1.61321092,25.7715391,,,,441.1918042,0,56.3750197,0.4807014,853.8074464,0.0511384,1.7693901,1.4421041,69.0164428,2.5671498,154.6324243,106.6952477,0,0.327286,14.6562778,62.1843468,363.0624908,18.5427995,14.1346657,0.7363936,,12.3667377,0.1268741,,,,,,,,,22.295008,,,13.3062229,1.067975,-1.003973,49739.87139,2935.654142,26976.90265,3912.772733,535.52521,494.222585,14227.72964,326856.1189,4227.972938,79.260481,4896.811076,256.517879,0.7059928,0.12278136,0.00409271,24,0.13531381,0.48794981,373.3539009,0.0772,193.1512955,0.02751597,6.28,5.87,0.173,26.334845,0,26.334845,0.1748162,0.8123811,0.1850995,0,0.9254975,35.869875,,,,,,,,,,,,,,,,,,0.48345159,15.03938603,149.0912524,0.73801827,0.05944664,27.99476317,8.76290541,16.46549148,14.9730841,409.721284,36.2205,0.99698461,17.99534718,423.1240969,446.0032771,0.04062017,32.23071996,0.87993305,0.01626853,55.42350428,57.56358332,0.37928872,,98,,1.8144,0.6,,,0,0,0,0,0,1,1,0.037897489,0.037897489,97.9,98.8,99.6,99.8,0.000480019,100,0.009145283,0.01736795,0.71,0.7052,,0,,0.7712254,36.1818298,0.9759,3.7897489,3.7897489,2.2632073,2.2632073,0.11,100,100,100,26.3,62.2,100,100,40.586046,100,98.409031,100,99.7497,9,37,0.47148289,0.49429658,,5.772358,0.144486692,,5.700813,2.1,37.8,,1,0.220128,35.7,,71.6,,0,12.7,0.84027778,0.84027778,14.383374,100,0,39.15778,0,0,0,0,0,0,1.148482,23,0.19296,0.19296,1.221167,1.53701874,1.81152,1.44,1.61321092,1.89660377,1.89660377,0,35.68521,35.68521,100,100,0,0,48.710991,97.150611,48.43962,2.849389,1.085482,1.2,0.27137,0.27137,0,0,0,0,0,0,0
C2016USTN029,TN Soil Health 2016,S2015TN113002,S2015TN113002D,D,Feliciana,Cover Crop,Corn/Soybean,Wheat,No-Till,S2015TN113002D-1,16N01462,Ap1,0,5,1.021545058,2,87,0.394539,0.026372,0.0028454,661.696519,0.165303,9.2896452,13.7264752,3.4681342,0.9908955,0,60.60055314,1.38726767,26.4235109,1.29391742,,,1.52993968,1.66939328,20.7330804,1.37869548,1.42427841,22.7862847,438.2767723,0.2555907,52.1098395,0.5009578,818.5957891,0.0511181,1.5744389,1.7584643,138.3052597,2.6376964,201.5793025,112.6132788,0,0.3476034,113.8810088,144.449661,317.290341,15.1718662,11.8900811,1.3086246,,12.1264368,0.6977153,0,9.2198959,0.2947394,1.9513782,1.1281405,0.071144,1.7481096,42.0198797,26.695041,,,125.3416975,0.87609,-0.746938,46651.32006,2944.635298,23857.67814,3687.547812,458.034244,813.060992,13561.03618,308661.818,4007.605029,77.18488,4594.769719,244.205454,1.32800858,0.16344721,0.00715082,21,0.12837426,0.50551252,361.8951134,0.0862,504.9940408,0.02488677,6.41,5.94,0.176,22.3602577,1.2371378,21.1231199,0.0103928,0.4884639,0.4676782,0,0.7482852,35.1256288,,,,,,,,,,,,,,,,,,0.383786,13.7616857,180.1341276,0.76545219,0.07954323,30.30910055,8.50658336,15.69202228,14.69329038,401.6369942,25.033911,0.90697454,16.55256295,729.8765817,389.2369312,0.05037065,38.38566593,0.87053405,0.01433393,61.84304574,55.04149376,0.38113052,,100,,1.8513,0.94,,,0,0,0,0,0,1,1,0.029615361,0.029615361,98.3,99,99.5,100,0.00055906,100,0.012227982,0.02115503,1.33,1.3096,,0,,0.9167191,37.840338,1.011025,2.9615361,2.9615361,1.2904649,1.2904649,0.13,100,100,100,22.4,57.5,100,100,36.367694,100,98.695913,100,99.87425,10,32,0.54017857,0.61160714,,8.03681,0.133928571,,8.022086,1.7,42.5,5.2,1,0.199094,40.8,43.6,75.9,85.6,0.01,13.8,0.73202614,0.73202614,13.004354,100,0,44.063861,0,0,0,0,0,0,0.986938,30,0.13158,0.13158,0.902062,1.59490566,1.84671,1.53,1.66939328,1.95264151,1.95264151,0,28.865979,28.865979,100,100,0,0,45.231959,97.809278,52.57732,2.190722,0.64433,1,0.64433,0,0,0,0,0,0,0,0
C2016USTN029,TN Soil Health 2016,S2015TN113002,S2015TN113002D,D,Feliciana,Cover Crop,Corn/Soybean,Wheat,No-Till,S2015TN113002D-2,16N01463,Ap2,5,10,1.022246613,4,51,0.15757024,0.01191181,0.000835916,441.6105368,0.03869,9.2546066,13.3663451,2.5119227,0.4585777,0,60.47313315,1.52390049,20.2193421,1.35435717,,,1.53469187,1.67472635,21.0608711,1.37994392,1.48502338,22.5030443,459.9355743,0.0664686,59.1916974,0.4854638,863.6552021,0.0511022,1.8448113,1.4054181,90.3740802,2.8308765,164.7589583,121.1955614,0,0.403729,34.3163431,68.5134702,362.4295712,18.2338695,14.7221248,0.7052391,,12.3305085,0.1104026,0,8.9177274,0.122293,1.1210191,0.6726115,0.0407643,1.355414,44.5886369,22.388313,,,33.0372632,0.81019,-1.530623,49491.39304,2885.570139,26125.18766,3866.43212,510.121505,617.344952,14395.27987,327586.1125,4270.614119,81.110158,4936.816326,251.420532,0.90979949,0.15333699,0.00511123,22,0.12703159,0.49674399,375.8331133,0.0587,263.0831793,0.02018761,5.87,5.53,0.244,23.1697283,0,23.1697283,0.020652,0.6402115,0.1239119,0,0.6298855,35.1483535,,,,,,,,,,,,,,,,,,0.25193952,14.4534201,159.6648595,0.79676879,0.06026828,30.0708531,9.17687688,16.52407318,15.13397877,409.8198745,34.913344,0.90040206,18.3038488,550.2652903,402.8617558,0.04406929,33.00759858,0.82564525,0.00392398,63.77742287,55.08148485,0.37540359,,92,,1.8513,0.75,,,0,0,0,0,0,1,1,0.029615361,0.029615361,98.7,99.3,99.9,100,0.000539591,100,0.011602799,0.02078619,0.91,0.9052,,0,,0.8703319,38.52215,0.993488,2.9615361,2.9615361,1.5023703,1.2904649,0.14,100,100,100,23.2,58.3,100,100,37.167694,100,99.039354,100,99.97485,10,32,0.53017241,0.57758621,,5.947712,0.129310345,,5.91634,1.3,41.7,3.3,1,0.161501,40.4,43.2,75.5,87.8,0.01,12.3,0.73202614,0.73202614,13.468795,100,0,43.83164,0,0,0,0,0,0,0.754717,24,0.13464,0.13464,0.78125,1.59525424,1.85283,1.53,1.67472635,1.95264151,1.95264151,0,30.208333,30.208333,100,100,0,0,45.703125,98.307292,52.604167,1.692708,0.78125,0.7,0.130208,0,0,0,0,0,0,0,0
C2016USTN029,TN Soil Health 2016,S2015TN119001,S2015TN119001A,E,Hicks,Cover Crop,Corn/Soybean,radish,No-Till,S2015TN119001A-1,16N01464,A1,0,5,1.021155951,26,195,0.66745698,0.05756303,0.012609044,809.4030356,0.195183,11.972059,18.0386273,2.5094721,1.4677847,0,61.44952588,1.1412209,26.371134,1.24868052,,,1.41877083,1.48964774,24.9422694,1.11611734,1.17169173,26.0835271,536.4135891,0,17.9530422,0.5418629,1018.93738,0.0306715,0.2862672,1.7687223,95.6745834,1.0632781,156.4654653,131.9078302,0,0.4089531,258.9388944,246.8441057,130.8343282,10.6021097,3.5783398,18.8220675,,13.1005587,0.9976694,0,9.6950593,2.3643553,5.0140638,3.8013126,0.927398,3.4344299,52.8523909,32.800443,,,270.9574642,0.74908,0.123891,41308.01293,18654.80368,29794.93093,3195.959774,3111.965613,10042.39584,12005.24853,300064.5348,2376.369796,171.526629,5058.228607,212.311597,2.74690951,0.30634679,0.03063468,27,0.12316086,0.45754692,356.3483033,0.0667,247.6136246,0.02271586,6.01,5.71,0.354,23.3692962,0,23.3692962,2.0731288,2.577984,2.41686,1.1063848,1.5897568,42.0388631,0,2.7405333,0,4.4546,0,0.2341128,0.823,0,1.9208,1.0375806,3.2606522,6.01,0,1.242,-1.7882998,0.9172975,56.9711031,0.22378308,10.34386404,337.231181,1.48786879,0.28821316,26.51084963,11.06232019,13.39436483,21.08454037,2626.665052,48.018643,0.65595087,17.11206137,9377.606366,395.5966259,0.04356122,137.4404996,1.05235794,0.07557364,49.26165717,89.83193997,0.35193432,,89,,1.7732,2.08,,,0.668776,0.771665,1.344177,0.925998,2,0.98655823,0.98718959,0.016169077,0.015955263,87.494,89.046,91.568,93.896,0.000551566,95.933,0.009357981,0.01646801,2.75,2.726,,,0.564796,1.0052861,29.8568332,0.915094,1.6169077,1.6057784,0.930286,0.9238398,0.25,99.5019,99.2094,99.7094,22.698,63.438,99,98.5038,38.910076,97,88.371796,98,93.310508,12,34,0.55982906,0.76923077,,8.921569,0.068376068,,8.898693,9.8,34.6,15.5,1,0.181727,24.8,21.9,66.8,74.8,0.02,16,0.86619718,0.85314685,12.362264,99,1.078167,35.290566,0.539084,1.617251,0.539084,0,0.539084,0,5.177358,34.9321678,0.16756,0.1636778,2.088773,1.45625988,1.77358,1.4333054,1.50315974,1.88415094,1.89037736,1,30.548303,29.363519,97,97,3.880983,3,54.830287,83.824062,32.375979,12.297542,3.394256,10.954,3.133159,2.741514,1.436031,3,1,2.587322,3.880983,1,3
C2016USTN029,TN Soil Health 2016,S2015TN119001,S2015TN119001A,E,Hicks,Cover Crop,Corn/Soybean,radish,No-Till,S2015TN119001A-2,16N01465,Ap2,5,10,1.022804551,19,72,0.33305592,0.02831649,0.012405322,625.7359362,0.102285,9.354697,16.6052708,1.6184203,0.8096437,0,61.75227183,1.22891666,28.2586361,1.26853627,,,1.476923,1.53094179,22.5575396,1.29904542,1.33688122,22.8661317,574.7699084,0,13.2199228,0.5116069,787.0765473,0.0409286,0.1944106,1.0743745,97.1848502,0.5320712,94.7905298,100.7149379,0,0.4604462,228.2687748,130.3676749,105.7184536,10.7539774,2.5375703,8.2880321,,13.2446809,0.8704067,0,12.6778128,2.3942701,3.8308321,2.8833124,1.5995762,2.6286029,50.9157318,27.529226,,,252.4281632,1.8506,0.40812,42925.73133,18496.3842,30834.184,3053.362061,3309.653357,10550.49078,11322.66219,287752.2781,2358.292727,169.956364,4853.600351,196.174936,2.0456091,0.23524505,0.03068414,30,0.38566876,0.95693056,2949.105501,0.1204,4851.165907,0.03132553,5.57,5.15,0.192,24.4352568,0,24.4352568,0.179666,2.3145212,4.1534559,1.3739167,1.5324456,41.6587191,,,,,,,,,,,,,,,,,,0.23280403,11.36967292,353.3967252,1.58605313,0.24853949,28.51052556,12.17742625,12.77396137,22.23127221,2898.379861,40.549056,0.68076015,18.12905936,10057.47611,374.9274671,0.05446888,144.2443909,1.08524203,0.09047886,52.49791485,73.05880804,0.86413404,,71,,1.8178,1.72,,,0,1.435513,1.149894,0.538317,2,0.98850106,0.9889023,0.011136773,0.011010439,88.592,90.062,92.316,96.432,0.000523878,96.628,0.008697793,0.01527958,2.05,2.038,,0,,0.9923572,29.1662922,1.913861,1.1136773,1.1062844,0.4484365,0.4454402,0.21,100,100,100,23.912,64.778,100,99.5038,40.174216,98,89.423417,99,95.396826,11,33,0.54098361,0.68032787,,8.680851,0.045081967,,8.655319,9.6,33.9,13.3,2,0.250604,24.3,23.1,66,74,0.02,11.8,0.79054054,0.77852349,13.467756,99,1.126443,36.429175,0.563222,1.126443,0,0,0.563222,0,5.298789,28.6188604,0.13912,0.1372588,1.984127,1.50312992,1.81448,1.49318511,1.54304308,1.92150943,1.92773585,1,32.275132,31.421813,98,98,2.628121,2,55.15873,84.99343,32.142857,12.362681,3.042328,9.938,5.555556,0.26455,1.851852,2,0,2.628121,2.628121,1,2
C2016USTN029,TN Soil Health 2016,S2015TN119001,S2015TN119001A,E,Hicks,Cover Crop,Corn/Soybean,radish,No-Till,S2015TN119001A-3,16N01466,BA,10,32,1.023681286,,37,0.13412059,0.0070063,0.009208279,515.9361111,0.259015,12.1298794,15.8149302,1.0577144,0.3377779,0,61.15912683,,,,,,1.54179751,1.57038994,21.4953299,,,,549.7057771,0,16.2103377,0.5126609,1032.591332,0.0307597,0.2153176,0.7894978,86.1782974,0.5434206,58.2895444,94.0835284,0,0.328103,188.0440183,56.0953557,126.2376201,13.0625997,2.5735577,1.9993775,,13.8212435,0.7467755,,,,,,,,,24.531589,,,207.6218842,2.025425,0.543277,46370.03005,18507.95701,32519.45641,3086.875089,3754.151499,10098.94039,11577.33374,305019.0518,2364.469348,184.890148,5196.948377,222.550359,1.52528512,0.19449944,0.02047363,32,0.40900708,1.00616581,3053.402432,0.1412,5002.003572,0.02809172,6.15,5.65,0.143,25.3511371,0,25.3511371,1.6730277,2.5513672,2.2585873,0.6587546,1.5057249,42.6436347,,,,,,,,,,,,,,,,,,0.22145774,11.43301095,410.8063589,1.61454115,0.24745762,29.89332884,12.86004714,12.16549366,23.38061548,3173.137204,49.5527,0.68058492,18.57614477,9592.061578,416.0999331,0.05567032,155.1072912,1.09332016,0.06678399,55.57457624,55.8363083,0.91208999,,85,,1.8876,1.4,,,0.230054,1.676106,1.51525,0.624432,3,0.9848475,0.98511928,0.006451791,0.006354559,88.464,89.919,92.441,94.672,0.000509222,96.321,0.008218547,0.01434818,1.53,1.4988,,0,,0.9951276,28.1766789,2.012332,0.6451791,0.6369598,0.2159834,0.2132203,0.18,100,100,100,24.638,65.96,100,99.5038,41.081677,97,89.286933,99,94.110904,8,33,0.54330709,0.62204724,,7.731959,0.023622047,,7.7,8.8,32,,2,0.224734,23.2,,65.8,,0.01,13.5,0.72077922,0.69871795,14.527123,98,1.768868,37.633255,1.179245,1.768868,0.135645,0,0.589623,0,5.033019,25.9347808,0.11858,0.1165164,2.010724,1.55207527,1.8711,1.55959797,1.58943307,1.95886792,1.97132075,2,34.048257,32.676393,97,97,3.97878,3,57.104558,84.649867,31.099196,11.320955,3.485255,10.081,3.08311,2.27882,0.938338,3,0.230054,3.97878,3.97878,1,3
C2016USTN029,TN Soil Health 2016,S2015TN119001,S2015TN119001B,E,Hicks,Cover Crop,Corn/Soybean,radish,No-Till,S2015TN119001B-1,16N01467,Ap1,0,5,1.029162716,31,195,0.65355571,0.05163533,0.019326365,889.1965866,0.277577,11.0036818,19.3273182,2.8830607,0.9610202,0,58.45515606,1.14218938,30.2036775,1.20875832,,,1.44836513,1.50697016,26.6371001,1.08665982,1.28845366,25.4080256,613.498985,0.0513965,42.3712417,0.5242439,910.1285145,0.0308379,0.1850273,1.1204428,104.6329134,1.2540736,173.7611521,121.7890517,0,0.3392166,338.4045722,158.4141692,84.4957803,12.0473302,4.6565193,11.6053207,,16.2759463,1.2185287,0,13.7869052,2.0444672,6.2458472,3.4449272,0.9404549,3.6084845,48.2541681,36.675452,,,372.6651278,1.8565,0.510432,45982.80284,25591.76833,33486.7287,3880.096785,3432.032271,13908.85315,12265.67343,282398.6379,2381.698649,141.744523,4674.967521,203.687768,2.75815608,0.31904044,0.03499153,34,0.50748428,1.12805699,3476.381515,0.1272,6672.216758,0.04110329,5.61,5.35,0.416,27.404178,0,27.404178,1.9675092,3.5049618,2.3438088,0.9676275,1.9030007,40.0920966,0,1.5614667,0,6.9166,0,0.2908555,1.215,0,3.3381,6.5364516,3.331087,5.56,0,0.6578,-1.7673998,0.676877,59.0340302,0.24376512,12.30754539,323.8776084,1.68408444,0.21762927,31.23976644,11.56374143,13.26867354,23.94644011,2862.974878,45.966556,0.78305859,18.90527163,13146.71532,341.3932053,0.04820387,116.2843021,1.20306274,0.07606855,59.39580749,81.78935089,1.07151278,,77,,1.8396,2.11,,,0,1.464598,1.035272,0.34174,2,0.98964728,0.99004588,0.01360711,0.013467982,88.407,90.288,93.753,96.03,0.000467391,98.01,0.0075373,0.01346205,2.76,2.7264,,,0.539841,0.887275,28.8025745,2.256114,1.360711,1.3515148,0.6849529,0.680293,0.27,100,100,100,27.126,66.825,100,100,42.92382,99,89.470875,100,95.457335,7,38,0.59489051,0.70437956,,8.557994,0.051094891,,8.540439,10.7,32.5,16.1,2,0.328826,21.8,21.8,61.9,70.1,0.01,14.9,0.82758621,0.81506849,14.685261,99,1.093793,33.175827,0.546896,0.546896,0,0,0.186896,0,5.734755,36.7296057,0.14935,0.1488762,2.61708,1.47609797,1.8357,1.46325209,1.52310445,1.90283019,1.9090566,1,37.741047,37.209877,99,99,1.371742,1,55.23416,84.061728,30.027548,14.530864,4.820937,9.712,3.168044,2.754821,1.37741,1,0,1.371742,1.371742,0.34174,1
C2016USTN029,TN Soil Health 2016,S2015TN119001,S2015TN119001B,E,Hicks,Cover Crop,Corn/Soybean,radish,No-Till,S2015TN119001B-2,16N01468,Ap2,5,10,1.028176669,19,50,0.20614684,0.01874062,0.01486756,517.9938436,0.280724,10.1281433,17.8617958,1.5315729,0.4199474,0,60.11260371,1.33201369,22.4974987,1.50104112,,,1.43647904,1.5354156,24.5280992,1.20918613,1.28702445,22.4474366,664.578907,0.061666,48.854836,0.508744,914.2437176,0.030833,0.1181931,0.5704099,104.7087556,1.0174879,90.2275388,98.9429907,0,0.3443015,306.474552,71.9744224,93.6808311,13.730948,4.5581403,3.3196828,,14.7887324,1.2235302,0,14.4577067,2.0406914,4.9078628,2.724323,1.071363,3.2344958,50.704365,25.767971,,,330.2873834,2.0938,0.363882,48686.51363,25685.34096,35721.73124,3910.32038,3790.020626,13878.04901,12468.77764,291992.8916,2454.281357,144.15551,4833.000982,202.160097,1.77874564,0.23648063,0.04112707,36,0.50562171,1.15278376,3052.292948,0.1239,6389.35407,0.03290654,5.58,5.1,0.149,27.6909223,0,27.6909223,1.3481205,3.6652027,2.7278376,1.0321548,1.8641979,39.2323296,,,,,,,,,,,,,,,,,,0.2513892,12.29699296,315.5954356,1.68497593,0.29107681,30.43845056,11.97836101,12.43908698,23.59871091,3087.142707,42.360879,0.75684085,19.80813198,13029.36978,366.5449825,0.04452005,113.5703385,1.12585345,0.08400203,60.29557004,66.25272284,1.08201359,,67,,1.8104,1.57,,,0,2.595832,1.75555,0.395974,3,0.9824445,0.98355711,0.022632073,0.022243133,86.718,88.561,92.15,94.769,0.000471201,96.03,0.008116267,0.01487127,1.78,1.7464,,0,,0.8340484,31.5603638,2.305568,2.2632073,2.2328766,0.9174824,0.9050266,0.22,100,100,100,26.869,64.893,100,100,42.000271,97,87.760382,100,94.110322,10,35,0.53429603,0.64620939,,7.415254,0.083032491,,7.395763,10.6,33.1,13.9,2,0.263252,22.5,20.9,61.7,71.6,0.03,12,0.84027778,0.81506849,14.910655,98,1.664817,33.212542,1.664817,1.664817,0,0,0.219741,0,5.705882,27.9151307,0.13968,0.1373714,2.627939,1.4847417,1.7928,1.45999923,1.55959797,1.89660377,1.9090566,3,38.312586,36.756498,97,97,4.103967,3,54.218534,81.872777,31.120332,14.065663,5.117566,11.439,3.73444,1.798064,1.383126,3,0,4.103967,4.103967,0.395974,3
C2016USTN029,TN Soil Health 2016,S2015TN119001,S2015TN119001B,E,Hicks,Cover Crop,Corn/Soybean,radish,No-Till,S2015TN119001B-3,16N01469,BA,10,25,1.028317028,,28,0.13059476,0.01342563,0.013547681,444.055334,0.21295,11.8065098,17.2511278,0.7193042,0.2232323,0,60.34966416,,,,,,1.54405035,1.60727204,22.8117727,,,,671.1332901,0.0411656,47.4124955,0.4939874,1094.665706,0.0411656,0.1132054,0.7718553,105.4045537,0.8233123,38.3148949,77.504559,0,0.2469937,304.5843751,42.7813639,102.6670403,16.8470274,5.1457017,1.2555512,,15.3212521,1.284368,,,,,,,,,24.98206,,,321.6063563,1.750545,0.1648,48543.80616,24679.55006,35139.74511,3776.22281,3586.613489,12946.08463,12327.87277,289989.7424,2450.101057,141.951967,4867.738146,206.753422,1.44992701,0.21594658,0.03496278,38,0.53049182,1.20662562,3919.073812,0.1328,6565.651625,0.03764022,5.96,5.38,0.091,27.3947286,0,27.3947286,1.8108736,3.6950196,2.1877028,0.8164632,1.9364833,40.7559612,,,,,,,,,,,,,,,,,,0.19311308,9.37519468,233.433026,1.24642955,0.15434877,23.76890034,8.79605787,9.38238076,16.73687175,2235.629031,34.614609,0.65312301,14.83681313,9250.446468,230.6628452,0.03491825,83.47069959,0.77822142,0.05850071,44.76316653,46.58124318,1.13380463,,73,,1.9065,1.32,,,0.537652,0.115211,0.537596,0.230422,1,0.99462404,0.99483441,0.014927574,0.014848151,88.704,90.585,94.248,96.426,0.000467391,98.208,0.007367671,0.01302879,1.45,1.4248,,0,,0.9115518,27.8755876,2.413251,1.4927574,1.4832668,0.6451791,0.6410431,0.21,99.5019,99.2094,99.7094,27.126,67.518,99,99,43.199592,99,89.767875,99,95.878233,6,36,0.55839416,0.63138686,,6.574074,0.054744526,,6.596296,10.4,31.8,,2,0.301122,21.4,,62.2,,0.02,12.7,0.72077922,0.70967742,15.994104,99,0.589623,36.307783,0.067931,0.589623,0.589623,0,0.135862,0,6.070755,26.4517599,0.1155,0.1150875,2.61708,1.56628943,1.89112,1.5464777,1.61634339,1.95886792,1.96509434,0.115211,37.741047,37.209877,99,99,1.371742,1,56.198347,84.469136,29.476584,14.123457,5.096419,9.415,3.030303,2.479339,1.101928,1,1,0,1.371742,0.230422,1
C2016USTN029,TN Soil Health 2016,S2015TN119001,S2015TN119001C,F,Hicks,No Cover Crop,Corn/Soybean,,No-Till,S2015TN119001C-1,16N01470,Ap1,0,5,1.020470281,10,35,0.15293971,0.01853815,0.005406959,514.9349436,0.114791,7.037824,13.6012102,1.7533679,0.3409327,0,59.75503753,1.272362,27.3062607,1.20216547,,,1.44820516,1.60754718,23.4369258,1.27422151,1.35551969,26.5862749,507.0180855,0.1021287,50.7784051,0.5106437,629.7359687,0.0612772,0.6638368,1.1336289,91.834155,1.1132032,108.2973064,238.4603742,0,0.7149011,102.0776667,56.8550646,195.178218,13.2358835,4.0749364,3.9319561,,11.2285337,0.4219645,0,8.8790892,3.2876045,2.7295235,3.1759883,2.6382012,2.4555565,49.2015586,24.520795,0.1830118,3.2695483,100.8423913,2.34885,-0.996658,38761.27069,4282.857643,28768.43996,2447.25305,3012.573176,2556.679099,9629.481061,337503.6597,1892.052928,71.753347,5337.706548,251.085692,1.36743018,0.18368465,0.01428658,26,0.24433005,0.82198383,3411.603267,0.0872,1502.908928,0.01427763,5.35,4.9,0.158,18.8909852,0,18.8909852,3.644239,1.7179984,2.61344,4.019075,2.1865434,38.9522084,,,,,,,,,,,,,,,,,,0.25246964,9.17262239,223.6165082,1.35920123,0.16508806,30.15102676,14.87289605,8.85975964,18.98879285,2641.101947,39.31153,0.69090523,15.9503986,2137.679006,515.3273076,0.04939402,44.79956193,0.78847115,0.02566452,47.07270531,40.12597099,0.65532197,,67,,1.8081,1.22,,,0.545338,1.40879,2.067367,1.40879,3,0.97932633,0.98133728,0.035506012,0.034796168,83.323,85.457,87.106,89.628,0.000702254,93.12,0.013744121,0.022764,1.37,1.3568,,0,,1.0354498,32.4156017,1.643968,3.5506012,3.5039101,2.027577,2.0005283,0.16,99.5019,99.2094,99.7094,18.333,56.163,99,98.5038,33.38707,97,84.529969,98,88.993717,11,34,0.59259259,0.71957672,,7.391304,0.19047619,,7.357609,14.1,42.1,14.3,2,0.114221,28,27.6,67,76.8,0,9.1,0.82758621,0.80272109,10.173696,98,1.664817,36.065483,0.554939,1.664817,0.554939,0,0.554939,0,7.5899,26.2457922,0.1769,0.1739598,2.7127,1.54142857,1.7893,1.4699694,1.6291813,1.90283019,1.91528302,1,23.304562,22.439412,97,97,3.671971,3,48.088779,79.547124,34.525277,16.740514,2.096178,14.543,3.205919,4.438964,4.932182,3,1,2.44798,3.671971,1,3
C2016USTN029,TN Soil Health 2016,S2015TN119001,S2015TN119001C,F,Hicks,No Cover Crop,Corn/Soybean,,No-Till,S2015TN119001C-2,16N01471,Ap2,5,10,1.019851363,4,20,0.09135314,0.00830483,0.006643864,439.8719936,0.068055,10.4955931,15.6023207,0.7939929,0.1736859,0,60.92058475,1.38563805,21.092442,1.49589621,,,1.50405424,1.58706118,21.8067252,1.30232479,1.36398761,24.1562783,440.5872295,0,44.6593566,0.4903132,930.879955,0.0306446,0.6333212,0.8886926,71.5346464,0.9601966,41.400817,172.8456021,0,0.429024,54.1796037,31.1246705,233.8895899,11.0626906,5.8224687,0.9499817,,10.786802,0.2615919,0,9.7754417,4.079189,1.9584166,2.5063674,2.3947478,2.1309196,47.288699,20.853455,,,59.5660887,2.271275,-0.555818,38410.668,4718.1404,28677.88276,2283.416606,3032.011983,2297.452821,9539.287828,341185.4787,1912.801601,75.485318,5349.59157,237.507065,1.16263055,0.1529777,0.01121836,23,0.24259802,0.85228234,3095.729295,0.0908,1204.485334,0.01987986,6.26,5.72,0.097,19.7357389,0,19.7357389,3.8919769,1.4594914,2.3082736,3.8505729,1.9666905,41.3411794,,,,,,,,,,,,,,,,,,0.27206875,9.30088324,223.942432,1.3864182,0.1618193,31.22065722,14.92378885,8.81347128,18.73097539,2627.274862,35.009762,0.70444767,16.1586214,2202.055541,463.0782629,0.06306748,44.93070691,0.83403241,0.04048727,47.67995708,45.38514474,0.66873919,,74,,1.8513,1.07,,,0.644196,0.901874,2.2452,2.14732,4,0.977548,0.97869727,0.019612822,0.019178781,82.944,84.864,86.304,88.512,0.000675764,92.256,0.012165503,0.02111205,1.16,1.1516,,0,,1.0163817,31.241767,1.704565,1.9612822,1.9235468,1.0989891,1.0776692,0.14,99.5019,99.2094,99.7094,18.912,58.56,99,98.0076,34.689525,96,84.029933,97,87.956688,10,32,0.54822335,0.79187817,,7.51634,0.101522843,,7.546405,13.6,39,13.1,2,0.159039,25.4,29.8,66.7,77.1,0,11.5,0.76666667,0.73202614,10.813036,98,2.287021,36.610635,0.571755,2.287021,0.571755,0,1.143511,0,7.464837,22.9515807,0.165,0.161568,2.49066,1.54997476,1.827,1.5264977,1.61585366,1.93396226,1.95264151,1,24.533001,23.319359,96,96,4.932182,4,51.43213,78.954377,31.631382,16.098644,1.867995,15.136,2.864259,4.856787,4.856787,4,1,3.699137,4.932182,2,4
C2016USTN029,TN Soil Health 2016,S2015TN119001,S2015TN119001C,F,Hicks,No Cover Crop,Corn/Soybean,,No-Till,S2015TN119001C-3,16N01472,BA,10,20,1.017971206,,241,0.95630022,0.07101239,0.013571257,1025.29474,0.383376,12.122061,15.4409923,4.3328854,1.0268688,0,61.58237851,,,,,,1.51965284,1.61337939,21.825459,,,,363.97141,0.1627452,39.9850993,0.4935167,1009.952404,0.0457884,0.8954567,1.2770738,91.37194,1.7348923,237.1421252,236.4755127,0,0.5240355,177.2591145,169.8277824,185.4820191,8.1914011,5.097973,6.4716604,,12.1975806,0.8897068,,,,,,,,,36.864137,,,173.0754644,1.940325,-0.66794,36192.05143,5309.991285,23659.00168,2954.726576,2153.970066,2289.540417,10275.37692,226939.1021,1947.925568,76.967785,5259.041826,237.056991,2.79942082,0.30539136,0.02850319,20,0.20133626,0.67978385,1988.312952,0.1107,1311.973428,0.01722161,6.61,6.3,0.39,20.8753466,0,20.8753466,2.2550469,1.5645062,1.7910899,1.4458195,2.0500426,44.6091432,0,5.2659667,0,4.6935,0,0.260686,0.788,0,3.0001,0.0249161,0.1730239,6.59,0,1.0462,-1.8356998,2.0237477,58.7558265,0.2312565,7.62945277,260.8948546,1.17650111,0.14756559,27.79805759,11.33136743,9.12975322,16.35473344,1906.920999,33.798253,0.62406061,13.97598017,2136.613025,351.3610101,0.05592806,50.92411017,0.84676696,0.02907052,43.36828931,53.88829747,0.54122819,,100,,1.8634,1.84,,,0,1.779046,1.988239,1.445475,3,0.98011761,0.98125099,0.019359628,0.018982697,88.076,90.113,91.665,93.411,0.000622726,95.642,0.009731254,0.01656985,2.8,2.7544,,,0.698518,1.0917501,26.6085777,1.359568,1.9359628,1.911289,0.8696089,0.8584111,0.24,100,100,100,20.273,63.535,100,99.5038,37.48868,97,89.228107,99,92.971881,10,32,0.58373206,0.73684211,,9.016393,0.090909091,,9.027541,9.2,34.5,,1,0.137773,25.3,,69.9,,0.02,17.4,0.74342105,0.72077922,11.769521,98,1.741655,39.363135,1.161103,1.741655,0,0,0.580552,0,5.180842,40.499327,0.14592,0.1434048,2.654867,1.5632,1.85136,1.53969649,1.6291813,1.94641509,1.95886792,2,26.42225,25.436637,97,97,3.764115,3,56.384324,85.072773,31.984829,11.196989,2.022756,9.887,2.275601,2.907712,1.769912,3,0,3.764115,3.764115,1,3
C2016USTN029,TN Soil Health 2016,S2015TN119001,S2015TN119001D,F,Hicks,No Cover Crop,Corn/Soybean,,No-Till,S2015TN119001D-1,16N01473,Ap1,0,5,1.017976576,10,98,0.41038704,0.03218722,0.007376238,732.6500747,,9.4638455,14.1011965,3.6380497,0.7128611,0,60.32003161,1.22894857,27.9996333,1.11419998,,,1.38647963,1.4299582,25.9505374,1.33573375,1.36718751,24.569174,425.9944928,0.0660892,39.6410509,0.503394,822.703953,0.0559318,0.8847529,1.3118739,96.260291,1.4644301,214.8834435,211.2780645,0,0.4728873,145.9996781,114.0317656,184.6546641,8.7459242,4.5661794,4.7542752,,11.2056738,0.5746478,0,7.1270584,3.7032903,2.8510263,2.9017563,2.1002222,2.9017563,45.4909954,30.783614,,,141.3912887,1.792325,-0.444392,34234.06769,4439.231954,25557.381,2574.124792,2271.13119,2672.682231,9769.751263,324370.9218,1881.824373,71.234947,5153.196951,237.830885,1.88325667,0.23413461,0.01934155,23,0.21190621,0.73687987,2255.363548,0.0918,1371.53364,0.01757011,6.33,5.95,0.257,18.3060401,0,18.3060401,2.7636501,1.8179143,2.574503,1.2294565,2.6060275,42.1798159,0,1.7925,0,4.0998,0,0.1849604,0.725,0,2.7104,0.3267532,2.6971739,6.28,0,0.5442,-1.8722998,1.8211618,52.0138159,0.20929518,8.81949706,219.9284394,1.24507135,0.14889657,30.89548908,12.82380492,8.61760171,17.15900517,2038.005305,37.599135,0.64478516,13.59088727,2245.873022,396.3908789,0.05509873,50.37154093,0.87677982,0.05039884,43.90408975,56.04141047,0.58034615,,98,,1.7856,1.47,,,0.527874,3.853483,4.006304,2.797734,7,0.95993696,0.96110772,0.009501757,0.009125425,81.88,84.272,85.928,88.32,0.000785227,90.896,0.014296966,0.02327545,1.88,1.88,23.3,,0.690618,1.043047,29.6416731,1.47376,0.9501757,0.9174824,0.4773342,0.460836,0.2,99.5019,99.2094,99.7094,16.836,55.66,99,97.5114,32.285623,92,83.232891,96,87.718412,11,35,0.61202186,0.7704918,,8.034188,0.054644809,,8.047009,11,39.5,14.5,1,0.140561,28.5,32.9,70.7,78.4,0.01,13.8,0.90647482,0.84027778,9.174663,96,3.773585,35.445283,2.156334,4.312668,0.539084,0,1.617251,0,5.514825,34.1414316,0.20572,0.1960704,3.182375,1.41446281,1.7514,1.43785619,1.47761834,1.8654717,1.89660377,4,22.399021,20.235577,92,92,9.615385,8,51.652387,78.177885,34.883721,12.163462,2.203182,15.728,3.182375,3.427173,1.468788,8,1,8.413462,9.615385,3,8
C2016USTN029,TN Soil Health 2016,S2015TN119001,S2015TN119001D,F,Hicks,No Cover Crop,Corn/Soybean,,No-Till,S2015TN119001D-2,16N01474,Ap2,5,10,1.018660027,15,52,0.21483555,0.02209737,0.004787764,586.9829687,,6.6456179,13.1777695,1.4795904,0.4764783,0,61.61991308,1.36584472,21.7702835,1.27805699,,,1.45028688,1.5496334,21.5613091,1.23881733,1.29511501,26.0981473,478.5418502,0.3160374,40.1061704,0.499543,606.8938291,0.040779,0.6014906,0.8971385,91.5183253,1.2233707,88.2356138,222.306851,0,0.6626591,113.6919197,73.2085434,171.7306661,9.5524864,3.1094006,2.6404418,,11.2763321,0.4329305,0,8.3087039,3.3078312,1.9177304,2.3235992,2.8309353,2.3033058,52.66252,27.100646,0.3415133,3.4469083,103.2411937,2.1636,-1.083435,37772.87644,3618.26208,25399.78354,2347.778089,2311.932461,2154.028952,9907.349903,335349.9738,1971.512579,69.619301,5494.14693,256.074832,1.61966944,0.22410521,0.01731722,23,0.22607582,0.74770137,2756.11034,0.0837,1204.62999,0.01246169,5.13,4.74,0.242,22.147364,0,22.147364,2.3930195,1.8600763,2.2885208,1.8287267,2.3721198,43.5816501,,,,,,,,,,,,,,,,,,0.04554488,7.94138004,183.7181824,1.23723478,0.13856623,28.09925903,11.9474995,8.48009057,16.50798555,2024.407064,43.613289,0.60529958,14.11484612,1977.473167,425.8649554,0.04625652,42.48208797,0.75545536,0.02927885,41.94978219,45.31420684,0.59992651,3,65,,1.824,1.41,8.9,,0,4.418844,5.917394,5.292336,10,0.94082606,0.94440879,0.022479396,0.021176039,81.172,83.356,85.085,87.178,0.000628449,89.362,0.011333315,0.02018337,1.62,1.62,,0,,0.9937654,32.1161344,1.495403,2.2479396,2.1465749,1.1364609,1.0846833,0.2,100,100,100,20.111,59.787,100,97.519,35.899667,91,82.407249,95,86.651611,13,30,0.51131222,0.59728507,0.40271493,7.232143,0.099547511,,7.232143,10.8,34.3,12.6,1,0.099694,23.5,26.4,67.1,79.1,0.02,8.6,0.82758621,0.74342105,11.372213,94,5.717553,34.528302,2.287021,5.145798,0,0,2.858776,0,5.557461,29.2654204,0.14935,0.1424696,3.080873,1.50220476,1.7632,1.5187747,1.61712598,1.90283019,1.94641509,4,28.369705,25.170213,91,91,11.26408,9,55.969191,76.421777,30.166881,12.300375,2.439024,16.644,2.952503,3.080873,2.310655,9,0,11.26408,11.26408,5,9
C2016USTN029,TN Soil Health 2016,S2015TN119001,S2015TN119001D,F,Hicks,No Cover Crop,Corn/Soybean,,No-Till,S2015TN119001D-3,16N01475,BA,10,27,1.020570094,,19,0.1036689,0.01341598,0.003902829,367.4052338,,10.8991837,13.0082821,1.028687,0.1959404,0,59.90122481,,,,,,1.59018185,1.66074217,21.0068205,,,,432.3702903,0.0357057,44.4919439,0.4996797,964.3255473,0.0305927,0.5761634,0.8362109,71.300616,1.2237135,56.8456394,169.7264395,0,0.5251674,59.634894,32.8258103,282.9338117,11.2375759,5.8380759,1.1880241,,10.9447005,0.4378246,,,,,,,,,21.987445,,,63.7295668,2.10265,-0.518608,37784.51454,5230.128828,29218.5003,2478.206475,2577.257905,2654.073154,9912.420733,340544.8077,1941.232499,77.519443,5417.229943,253.168741,1.14303851,0.14287981,0.01224684,22,0.22393064,0.76047408,2650.696126,0.0818,1247.19486,0.01986394,6.13,5.56,0.09,22.1419094,0,22.1419094,3.1461837,1.8421734,2.5562743,1.3040103,2.4527814,42.2067167,,,,,,,,,,,,,,,,,,0.21523823,9.39740943,207.2050194,1.37327912,0.14083867,32.66875488,13.57603162,8.78853731,18.99729996,2255.941923,48.068851,0.67816883,15.71116631,2362.041104,464.7676208,0.05562107,52.21012075,0.91034852,0.04102692,47.42732107,43.73408201,0.60416768,,93,,1.9754,1.04,,,0,4.90774,6.704014,5.378883,10,0.93295986,0.93562485,0.014464813,0.013508246,79.83,82.08,83.7,86.04,0.000636495,88.83,0.012411254,0.02185888,1.14,1.14,,0,,0.9795402,34.3425704,1.520948,1.4464813,1.190588,0.831639,0.5988167,0.13,100,100,100,19.89,57.87,100,97.519,35.003761,90,81.102578,95,85.45149,5,32,0.49321267,0.58823529,,7.972028,0.063348416,,7.993007,11.3,35.7,,2,0.158912,24.4,,66.6,,0.01,12.1,0.66666667,0.59638554,12.304361,94,6.186205,37.080111,3.093102,6.186205,0,0,3.093102,0,6.29137,25.1776419,0.16059,0.150894,3.209243,1.62732841,1.9239,1.65625,1.7244218,1.99,2.03358491,5,28.369705,24.831461,90,90,12.484395,10,54.172015,74.831461,31.322208,12.696629,2.310655,17.92,3.337612,3.979461,1.668806,10,0,12.484395,12.484395,5,10
